{
    "finished": 0,
    "long": "SOLUSDT",
    "pair": {
        "SOLUSDT": {
            "pos": 1,
            "keywords": [
                "sol",
                "solana"
            ],
            "tp": {
                "pos": 0,
                "pct": 232.66754999999998,
                "amt": 0.5
            },
            "sl": {
                "pos": 0,
                "pct": 230.35244999999998
            },
            "early": {
                "pos": 0,
                "time": 1638474726.546291,
                "amt": 1.0
            },
            "late": {
                "pos": 0,
                "time": 1638481926.546291,
                "amt": 1.0
            }
        }
    }
}